{
    "loss": 0.29272711277008057,
    "accuracy": 0.935251772403717
}