{
    "loss": 17.07984733581543,
    "accuracy": 0.5467625856399536
}