{
    "loss": 7.153369426727295,
    "accuracy": 0.5035971403121948
}